iso3,gap,research_pct,lisa_cat_gap9
AFG,-78.89798145117294,18.974358974358974,Not significant
ALB,-12.689579923622482,47.94871794871795,Not significant
DZA,33.16421167484998,73.58974358974359,Not significant
AGO,-69.85542825968358,18.974358974358974,Not significant
ATG,0.8892525913802487,18.974358974358974,Not significant
ARG,74.9454446262957,87.17948717948718,Not significant
ARM,-30.545553737043107,41.794871794871796,Not significant
AUS,89.47626841243863,96.92307692307692,Not significant
AUT,55.098199672667754,63.07692307692307,Not significant
AZE,0.48281505728314755,58.46153846153847,Not significant
BHS,7.804146208401528,18.974358974358974,Not significant
BHR,-23.578832515002727,18.974358974358974,Not significant
BGD,28.420621931260214,93.84615384615384,Not significant
BRB,-5.493726132024005,18.974358974358974,Not significant
BLR,33.07965084560829,68.71794871794872,Not significant
BEL,66.1811238406983,72.56410256410255,High-High
BLZ,-26.238406983087838,18.974358974358974,Not significant
BEN,-15.35188216039279,62.30769230769231,Not significant
BTN,-70.91925804691762,18.974358974358974,Not significant
BOL,-18.540643753409704,47.94871794871795,Not significant
BIH,1.4811783960720177,53.07692307692308,Not significant
BWA,-31.609383524277135,41.794871794871796,Not significant
BRA,87.82324058919804,98.46153846153847,Not significant
BRN,9.931805782869612,18.974358974358974,High-High
BGR,34.21985815602836,66.66666666666666,Not significant
BFA,9.427168576104748,75.38461538461539,Not significant
BDI,-81.02564102564102,18.974358974358974,Not significant
CPV,-52.8341516639389,18.974358974358974,Not significant
KHM,5.270049099836342,58.46153846153847,Not significant
CMR,-11.219312602291325,58.46153846153847,Not significant
CAN,88.46972176759411,95.38461538461539,Not significant
CAF,-80.493726132024,18.974358974358974,Not significant
TCD,-79.42989634478995,18.974358974358974,Not significant
CHL,41.97217675941081,58.46153846153847,Not significant
HKG,-0.7064920894708138,18.974358974358974,Not significant
TWN,41.85488270594654,75.8974358974359,Not significant
CHN,71.31478450627387,98.97435897435898,Not significant
COL,31.614839061647572,79.48717948717949,Not significant
COM,-63.47244953627933,18.974358974358974,Not significant
COG,-65.06819421713038,18.974358974358974,Low-Low
CRI,14.871794871794876,64.87179487179488,Not significant
HRV,50.19639934533551,66.15384615384615,Not significant
CUB,-0.45553737043098863,47.94871794871795,Not significant
CYP,21.254773595199126,64.87179487179488,Not significant
CZE,69.77905073649755,83.07692307692308,High-High
CIV,-22.264048008728857,47.94871794871795,Not significant
PRK,-35.68739770867431,58.46153846153847,Low-High
COD,-69.32351336606655,18.974358974358974,Low-Low
DNK,70.63557010365521,74.35897435897436,High-High
DJI,-17.195853791598477,18.974358974358974,Low-Low
DMA,-27.8341516639389,18.974358974358974,Not significant
DOM,-3.8979814511729387,18.974358974358974,Not significant
ECU,-7.345881069285326,68.71794871794872,Not significant
EGY,32.03218767048553,82.56410256410255,Not significant
SLV,-35.81287506819422,18.974358974358974,Not significant
GNQ,-33.68521549372613,18.974358974358974,Not significant
ERI,-74.11074740861974,18.974358974358974,Not significant
EST,22.416803055100928,47.94871794871795,High-High
SWZ,-4.30441898527004,58.46153846153847,Not significant
ETH,17.154937261320242,96.41025641025641,High-Low
FJI,-50.1745771958538,18.974358974358974,Not significant
FIN,57.67048554282596,72.56410256410255,Not significant
FRA,80.30278232405892,86.15384615384616,High-High
PYF,17.378614293507912,18.974358974358974,Not significant
GAB,-45.91925804691762,18.974358974358974,Low-Low
GMB,-67.7277686852155,18.974358974358974,Not significant
GEO,-28.949809056192038,41.794871794871796,Not significant
DEU,92.21222040370975,94.87179487179486,High-High
GHA,23.18057828696128,77.43589743589745,Not significant
GRC,48.807965084560834,74.87179487179488,Not significant
GRD,-25.17457719585379,18.974358974358974,Not significant
GTM,-20.6683033278778,47.94871794871795,Not significant
GIN,-19.37534097108565,41.794871794871796,Not significant
GNB,-39.28532460447355,47.94871794871795,Not significant
GUY,8.867975995635572,18.974358974358974,Not significant
HTI,-75.70649208947081,18.974358974358974,Not significant
HND,-19.02618657937807,53.84615384615385,Not significant
HUN,58.41789416257501,88.2051282051282,Not significant
ISL,-2.8341516639389006,18.974358974358974,Low-High
IND,43.63611565739226,99.48717948717949,Not significant
IDN,61.38025095471903,94.35897435897435,Not significant
IRN,34.65084560829241,97.94871794871794,Not significant
IRQ,-3.955264593562461,70.51282051282051,Not significant
IRL,42.629569012547734,47.94871794871795,High-High
ISR,25.608292416803057,47.94871794871795,Not significant
ITA,79.18166939443535,87.6923076923077,Not significant
JAM,-48.578832515002716,18.974358974358974,Not significant
JPN,76.59028914348063,78.71794871794872,Not significant
JOR,-56.02564102564102,18.974358974358974,Not significant
KAZ,68.50518276050191,88.71794871794872,Not significant
KEN,-3.949809056192038,91.7948717948718,Not significant
KIR,-20.387343153300602,18.974358974358974,Not significant
KWT,-36.344789961811244,18.974358974358974,Not significant
KGZ,-8.966175668303329,47.94871794871795,Not significant
LAO,-30.242771412984176,47.94871794871795,Not significant
LVA,21.352973267866886,47.94871794871795,Not significant
LBN,0.6055646481178414,62.30769230769231,Not significant
LSO,-64.00436442989634,18.974358974358974,Not significant
LBR,-71.45117294053465,18.974358974358974,Not significant
LBY,-38.47244953627933,18.974358974358974,Not significant
LTU,30.92744135297327,47.94871794871795,Not significant
LUX,43.693398799781775,47.94871794871795,High-High
MDG,-40.85379159847245,54.35897435897436,Not significant
MWI,-13.824331696672118,71.28205128205128,Not significant
MYS,57.19312602291326,85.38461538461539,Not significant
MDV,-14.536279323513366,18.974358974358974,Not significant
MLI,-21.85761047463174,58.46153846153847,Not significant
MLT,-15.600109110747415,18.974358974358974,Not significant
MRT,-27.58319694489908,47.94871794871795,Not significant
MUS,-11.876704855428258,18.974358974358974,Not significant
MEX,67.36497545008183,90.76923076923077,Not significant
MNG,8.044189852700491,55.38461538461539,Not significant
MNE,17.184942716857616,38.46153846153847,Not significant
MAR,18.466993998908904,89.74358974358975,Not significant
MOZ,-26.437534097108582,67.17948717948717,Not significant
MMR,-2.8232405891980292,61.53846153846154,Not significant
NAM,-39.056192034915426,41.794871794871796,Not significant
NPL,41.320240043644304,90.25641025641026,Not significant
NLD,62.04855428259683,76.41025641025641,High-High
NCL,-16.13202400436443,18.974358974358974,Not significant
NZL,29.331696672122206,47.94871794871795,Not significant
NIC,-54.96181123840698,18.974358974358974,Not significant
NER,-17.793235133660666,63.589743589743584,Not significant
NGA,13.98254228041462,95.8974358974359,Not significant
MKD,21.22749590834698,58.46153846153847,Not significant
NOR,39.3126022913257,58.46153846153847,High-High
OMN,-40.60010911074741,18.974358974358974,Not significant
PAK,30.41462084015275,97.43589743589743,Not significant
PSE,-43.25968357883252,18.974358974358974,Not significant
PAN,9.650845608292414,47.94871794871795,Not significant
PNG,-60.81287506819422,18.974358974358974,Not significant
PRY,-18.79159847244954,18.974358974358974,Not significant
PER,30.47463175122749,81.53846153846153,Not significant
PHL,43.810692853246046,80.51282051282051,Not significant
POL,72.40043644298963,84.1025641025641,Not significant
PRT,28.14238952536825,58.46153846153847,High-High
PRI,14.187124931805783,18.974358974358974,Not significant
QAT,-40.0681942171304,18.974358974358974,Not significant
KOR,73.90070921985816,86.66666666666667,Not significant
MDA,-38.221494817239495,47.94871794871795,Not significant
ROU,11.0556464811784,53.07692307692308,Not significant
RUS,67.19585379159847,81.02564102564102,Not significant
RWA,-14.072558647026725,77.94871794871796,Not significant
LCA,-22.515002727768685,18.974358974358974,Not significant
VCT,-12.408619749045279,18.974358974358974,Not significant
WSM,-9.749045280960178,18.974358974358974,Not significant
STP,-57.62138570649209,18.974358974358974,Not significant
SAU,32.9569012547736,64.87179487179488,Not significant
SEN,20.272776868521547,84.1025641025641,Not significant
SRB,56.1783960720131,76.92307692307693,Not significant
SYC,15.782869612656846,18.974358974358974,Not significant
SLE,-27.68139661756682,64.87179487179488,Not significant
SVK,20.908346972176766,38.46153846153847,High-High
SVN,13.461538461538467,38.46153846153847,High-High
SLB,-65.6001091107474,18.974358974358974,Low-Low
SOM,-56.5330060010911,39.743589743589745,Not significant
ZAF,36.91489361702128,80.0,Not significant
SSD,-38.34697217675941,58.46153846153847,Not significant
ESP,63.56519367157665,92.82051282051282,High-High
LKA,44.42716857610475,85.38461538461539,Not significant
SDN,-66.66393889798145,18.974358974358974,Low-Low
SUR,-30.493726132024005,18.974358974358974,Not significant
SWE,69.14348063284233,78.71794871794872,High-High
CHE,39.44626295690126,54.871794871794876,High-High
SYR,-57.59683578832516,39.743589743589745,Not significant
TJK,-58.153300600109105,18.974358974358974,Not significant
THA,51.38843426077469,91.28205128205128,Not significant
TLS,-72.51500272776867,18.974358974358974,Not significant
TGO,-59.749045280960175,18.974358974358974,Not significant
TON,-34.749045280960175,18.974358974358974,Not significant
TTO,-26.770321876704852,18.974358974358974,Not significant
TUN,18.38516093835242,70.51282051282051,Not significant
TKM,-41.132024004364425,18.974358974358974,Not significant
TUR,37.825968357883255,84.1025641025641,Not significant
UGA,-19.162575013638843,71.7948717948718,Not significant
UKR,25.248226950354606,93.33333333333333,Not significant
ARE,-8.153300600109109,18.974358974358974,Not significant
GBR,88.69885433715221,89.23076923076924,High-High
TZA,-7.310420076377525,82.05128205128204,Not significant
USA,98.93617021276596,100.0,Not significant
URY,45.80741953082378,69.74358974358974,Not significant
UZB,17.20676486633934,73.58974358974359,Not significant
VUT,-39.53627932351337,18.974358974358974,Not significant
VEN,-2.885979268957989,41.794871794871796,Not significant
VNM,53.47790507364976,92.3076923076923,Not significant
YEM,-79.96181123840698,18.974358974358974,Not significant
ZMB,-15.818330605564654,67.6923076923077,Not significant
ZWE,-19.048008728859784,68.71794871794872,Not significant
