iso3,gap11,lisa_cat_gap11
AFG,-77.91683273548558,Not significant
ALB,-4.3828882688986255,Not significant
DZA,25.403215092334264,Not significant
AGO,-74.28988973030424,Not significant
ATG,12.756742394048093,Not significant
ARG,48.31938355254418,Not significant
ARM,-20.899428723262922,Not significant
AUS,67.38939816660024,Not significant
AUT,52.71422877640494,Not significant
AZE,0.948585093662814,Not significant
BHS,13.793011824099906,Not significant
BHR,6.539125813737213,Not significant
BGD,12.499003587086477,Not significant
BRB,6.020991098711308,Not significant
BLR,21.049554935565297,Not significant
BEL,63.75581240866214,High-High
BLZ,-20.403879367609935,Not significant
BEN,-22.148266241530493,Not significant
BTN,-54.60077055931977,Not significant
BOL,-27.180815730038525,Not significant
BIH,5.926664009565563,Not significant
BWA,-21.93569815331474,Not significant
BRA,65.30091669988043,Not significant
BRN,14.82928125415172,Not significant
BGR,24.69775474956821,Not significant
BFA,3.882024711040259,Not significant
BDI,-81.02564102564102,Not significant
CPV,-37.50232496346486,Not significant
KHM,-7.859705061777603,Not significant
CMR,-19.776803507373444,Not significant
CAN,66.88720605819051,Not significant
CAF,-79.9893715955892,Not significant
TCD,-79.4712368805633,Low-Low
CHL,38.254284575528104,Not significant
HKG,12.238607679022188,Not significant
TWN,41.70054470572605,Not significant
CHN,44.05207918161287,Not significant
COL,16.274744254018863,Not significant
COM,-50.97382755413844,Not significant
COG,-58.745848279527024,Low-Low
COK,18.45622425933307,Not significant
CRI,15.13086222930783,Not significant
HRV,43.355918692706254,High-High
CUB,-5.937292413976351,Not significant
CYP,34.819981400292285,Not significant
CZE,55.615783180550025,High-High
CIV,-33.91656702537532,Not significant
PRK,-35.32084495815066,Low-High
COD,-75.84429387538196,Low-Low
DNK,66.06881891855986,High-High
DJI,-5.896107346884548,Low-Low
DMA,-11.595589212169521,Not significant
DOM,-12.631858642221339,Not significant
ECU,-12.111066826092738,Not significant
EGY,17.79726318586421,Not significant
SLV,-35.42978610336124,Not significant
GNQ,-18.331340507506308,Low-Low
ERI,-60.81838713963066,Not significant
EST,21.523847482396707,High-High
SWZ,-0.6058190514148976,Not significant
ETH,8.327354855852263,High-Low
FJI,-41.64740268367211,Not significant
FIN,50.80244453301447,Not significant
FRA,61.80151454762854,High-High
PYF,17.419954829281256,Not significant
GAB,-40.611133253620295,Low-Low
GMB,-61.33652185465657,Not significant
GEO,-20.381294008237013,Not significant
DEU,78.80961870599175,High-High
GHA,10.078384482529572,Not significant
GRC,42.22930782516275,Not significant
GRD,-1.751029626677294,Not significant
GTM,-27.698950445064433,Not significant
GIN,-27.635180018599712,Not significant
GNB,-34.952836455427125,Not significant
GUY,11.202338248970374,Not significant
HTI,-72.73548558522651,Not significant
HND,-18.17457154244719,Not significant
HUN,45.71808157300385,Not significant
ISL,9.129799388866747,High-High
IND,25.393915238474833,Not significant
IDN,43.06363757140958,Not significant
IRN,21.78291483990965,Not significant
IRQ,-4.098578450910054,Not significant
IRL,42.249236083432976,High-High
ISR,29.295868207785308,Not significant
ITA,65.41251494619371,Not significant
JAM,-39.05672910854257,Not significant
JPN,67.31898498737877,Not significant
JOR,-45.27434568885346,Not significant
KAZ,48.30344094592799,Not significant
KEN,-7.686993490102296,Not significant
KIR,1.3577786634781468,Not significant
KWT,-17.8132057924804,Not significant
KGZ,-4.901022983924534,Not significant
LAO,-34.43470174040123,Not significant
LVA,16.860635047163544,Not significant
LBN,10.49422080510164,Not significant
LSO,-49.41942340906071,Not significant
LBR,-68.07227314999335,Not significant
LBY,-30.248438953102163,Not significant
LTU,18.933173907267175,Not significant
LUX,44.83990965856251,High-High
MDG,-42.0140826358443,Not significant
MWI,-19.909658562508298,Not significant
MYS,39.788760462335595,Not significant
MDV,8.093529958814933,Not significant
MLI,-27.548824232762044,Not significant
MLT,2.394048093529957,Not significant
MRT,-18.89066028962403,Not significant
MUS,-6.9323767769363585,Not significant
MEX,45.69151056197689,Not significant
FSM,-21.95828351268766,Not significant
MNG,12.379434037465131,Not significant
MNE,29.135113591072148,Not significant
MAR,13.059651919755566,Not significant
MOZ,-30.74797396040921,Not significant
MMR,-17.21801514547628,Not significant
NAM,-28.671449448651515,Not significant
NPL,30.15278331340508,Not significant
NLD,53.09419423409061,High-High
NCL,-2.2691643417032026,Not significant
NZL,32.40467649794075,Not significant
NIC,-53.56450112926797,Not significant
NER,-23.975023249634653,Not significant
NGA,3.669456622824498,Not significant
MKD,24.78278198485453,Not significant
NOR,41.36309286568354,High-High
OMN,-27.139630662946725,Not significant
PAK,14.016208316726448,Not significant
PSE,-24.54895708781719,Not significant
PAN,10.124883751826758,Not significant
PNG,-58.227713564501116,Not significant
PRY,-31.80284309817989,Not significant
PER,20.39856516540454,Not significant
PHL,27.14494486515212,Not significant
POL,48.86940348080245,Not significant
PRT,33.07293742526903,High-High
PRI,15.347415969177629,Not significant
QAT,-16.77693636242859,Not significant
KOR,66.97754749568222,Not significant
MDA,-38.57977946060847,Not significant
ROU,-3.9178955759266643,Not significant
RUS,39.574863823568485,Not significant
RWA,-12.724857180815718,Low-Low
KNA,14.311146539125815,Not significant
LCA,-4.859837916832735,Not significant
VCT,0.8396439484522382,Not significant
WSM,4.466586953633588,Not significant
STP,-46.310615118905275,Not significant
SAU,36.89252026039591,Not significant
SEN,15.190647004118503,Not significant
SRB,38.58110801115984,Not significant
SYC,16.383685399229442,Not significant
SLE,-25.28364554271289,Not significant
SGP,17.93808954430716,Not significant
SVK,11.518533280191317,High-High
SVN,19.29055400557992,High-High
SLB,-54.082635844293875,Not significant
SOM,-48.85744652584031,Not significant
ZAF,24.55958549222798,Not significant
SSD,-34.28457552809884,Low-Low
ESP,46.18838846818121,High-High
LKA,41.343164607413314,Not significant
SDN,-75.32615916035606,Low-Low
SUR,-20.922014082635844,Not significant
SWE,65.24644612727514,High-High
CHE,39.845888136043584,High-High
SYR,-55.59319782117709,Not significant
TJK,-52.01009698419024,Not significant
THA,32.73282848412383,Not significant
TLS,-65.99973428988973,Not significant
TGO,-60.30025242460475,Not significant
TON,-17.295071077454498,Not significant
TTO,-13.149993357247244,Not significant
TUN,20.253753155307557,Not significant
TKM,-42.68367211372393,Not significant
TUV,16.901820114255347,Not significant
TUR,16.22691643417032,Not significant
UGA,-25.614454629998676,Not significant
UKR,9.395509499136438,Not significant
ARE,7.05726052876312,Not significant
GBR,81.97688322040655,High-High
TZA,-13.803640228510702,Low-Low
USA,86.01036269430051,Not significant
URY,35.028563836853984,Not significant
UZB,7.786634781453429,Not significant
VUT,-25.585226517869,Not significant
VEN,-6.90979141756344,Not significant
VNM,36.34914308489438,Not significant
YEM,-70.66294672512288,Not significant
ZMB,-17.799920286966923,Low-Low
ZWE,-20.401222266507233,Not significant
