iso3,gap9,lisa_q_geodesic
AFG,-78.32947119014764,0
ALB,-12.144921498685129,0
DZA,32.66982581300284,0
AGO,-69.52118103470721,3
ATG,-0.0911292212357111,0
ARG,73.96568333897466,0
ARM,-29.574035983023933,0
AUS,88.17663446767516,0
AUT,54.49267060692061,0
AZE,0.7472596141328438,0
BHS,7.162756789126982,0
BHR,-23.92532611242742,0
BGD,28.684875152966896,0
BRB,-6.308745801546589,0
BLR,32.55916890150234,0
BEL,65.34355716405864,1
BLZ,-26.515999687556956,0
BEN,-15.17301533574608,0
BTN,-70.55745046475903,0
BOL,-17.844403363970116,0
BIH,1.688494284895981,0
BWA,-30.610305413075736,0
BRA,86.57536386596193,0
BRN,9.23529564923061,0
BGR,33.65792694040149,0
BFA,9.558153461608555,0
BDI,-80.40201005025125,0
CPV,-52.42273543885229,0
KHM,5.410472049366,0
CMR,-10.651704116437116,3
CAN,87.18723149425887,0
CAF,-79.88387533522535,3
TCD,-78.84760590517354,0
CHL,41.67990210117947,0
HKG,-1.6455333663134333,0
TWN,41.14874892597703,0
CHN,69.46129611789516,0
COL,31.194834275001952,0
COM,-63.30356445439633,0
COG,-64.85796859947405,3
COK,19.079855234722835,0
CRI,14.800687374697326,0
HRV,49.73572525841644,0
CUB,-0.2278230530892742,0
CYP,21.018303955008214,0
CZE,68.90931340641029,1
CIV,-21.471346369151448,0
PRK,-35.004035722654734,0
COD,-69.00304631968132,3
DNK,70.21115942406333,1
DJI,-17.70770953211654,0
DMA,-28.070403832634675,0
DOM,-4.754341656468874,0
ECU,-7.337204155492472,0
EGY,31.61923607675684,0
SLV,-35.842424558023275,0
GNQ,-33.76988569791965,0
ERI,-73.66625875491448,0
EST,22.051969693024713,1
SWZ,-3.9159528211003263,0
ETH,16.689665946311862,0
FJI,-49.832061863722764,0
FIN,57.05340172364413,0
FRA,79.69640950868332,1
PYF,17.00731637461921,0
GAB,-46.20511885854142,0
GMB,-67.44864217460358,0
GEO,-28.019631837946207,0
DEU,90.82979665165205,1
GHA,22.967167443434803,0
GRC,47.91574452573751,0
GRD,-25.47973025750514,0
GTM,-19.916942224073736,0
GIN,-19.211341682505797,0
GNB,-38.569791965006374,0
GUY,8.199026219178796,0
HTI,-75.22066289999219,0
HND,-18.283125471919178,0
HUN,57.35412815372199,0
ISL,-3.7180722264170605,2
IND,43.02080349936209,0
IDN,60.27547061733538,0
IRN,34.25937980055719,0
IRQ,-4.02400604056551,0
IRL,42.77735829406098,1
ISR,25.160777983180154,0
ITA,78.09513890697008,0
JAM,-48.27765771864504,0
JPN,76.03692035306065,0
JOR,-56.04967844403364,0
KAZ,67.18306558700237,0
KEN,-3.8951232848178705,0
KIR,-20.816517822271983,0
KWT,-36.360559273049184,0
KGZ,-7.9998437784778815,0
LAO,-29.761501809565956,0
LVA,21.0157002629729,1
LBN,1.4072955450829312,0
LSO,-63.82169916942224,0
LBR,-71.07558517978492,0
LBY,-38.433098133152804,0
LTU,30.34212513343922,0
LUX,43.8136277241128,1
MDG,-40.0604056552191,0
MWI,-13.632931496862554,0
MYS,56.66284791834823,0
MDV,-15.11703595698701,0
MLI,-21.532533131981154,0
MLT,-16.15330538703882,0
MRT,-27.170828234436428,0
MUS,-12.526362381857474,0
MEX,66.08430754810321,0
FSM,-55.01340901398182,0
MNG,8.094878537766554,0
MNE,16.90056500117166,0
MAR,18.447158070143473,0
MOZ,-25.943187439789625,0
MMR,-2.4552815892936195,0
NAM,-38.38232613846435,0
NPL,40.71132866404562,0
NLD,61.34038065977556,1
NCL,-16.67144010206473,0
NZL,28.7877209883615,0
NIC,-54.49527429895591,0
NER,-17.54367693389227,0
NGA,13.596479808368258,0
MKD,20.4363787851173,0
NOR,38.57109381102403,0
OMN,-40.50563699325644,0
PAK,30.129924232561777,0
PSE,-43.096310568385974,0
PAN,9.616736532402953,0
PNG,-60.7128908792668,0
PRY,-18.74397896216835,0
PER,30.096076236102796,0
PHL,43.080688416174134,0
POL,71.46874267711614,0
PRT,27.690264795479987,1
PRI,13.89850808446377,0
QAT,-39.98750227823053,0
KOR,72.94503606113469,0
MDA,-37.53352253495456,0
ROU,11.0149191553623,0
RUS,66.38112844012811,0
RWA,-13.836019475616425,0
KNA,1.4632749238420075,0
LCA,-22.3709219673497,0
VCT,-13.044497096883383,0
WSM,-10.453823521753847,0
STP,-57.60408258911135,0
SAU,32.41726768557815,0
SEN,20.173405889551375,0
SRB,55.107141927252854,0
SYC,15.971046944567398,0
SLE,-27.16822454240112,0
SGP,18.56172051969693,0
SVK,20.52750800635301,1
SVN,13.273621995990315,1
SLB,-65.37610331449997,0
SOM,-55.41828312547192,0
ZAF,36.36055927304919,0
SSD,-37.59470929778426,0
ESP,62.39487593407452,1
LKA,43.19134532767465,0
SDN,-66.41237274455176,0
SUR,-30.66107740776421,0
SWE,68.26489962767205,0
CHE,39.19858359153279,1
SYR,-56.45455255552374,0
TJK,-58.12221730413726,0
THA,50.524643945114164,0
TLS,-72.11185460983674,0
TGO,-59.676621449214984,0
TON,-34.806155127971465,0
TTO,-27.034134402582865,0
TUN,18.25578670554848,0
TKM,-41.02377170828235,0
TUV,12.34410393938605,0
TUR,37.271851485406295,0
UGA,-18.829900799333444,0
UKR,25.073554299997397,0
ARE,-8.899419376676128,0
GBR,87.8928320358268,1
TZA,-7.225245397974319,0
USA,97.92746113989637,0
URY,44.963157757700415,0
UZB,16.60764964719972,0
VUT,-39.46936756320462,0
VEN,-2.631030801676779,0
VNM,52.56593850079413,0
YEM,-79.36574062019943,0
ZMB,-15.59611529148333,0
ZWE,-18.736167886062432,0
