,Undernourishment,Food insecurity,Cereal import dep.,Dietary adequacy,Agri. employment,Agri. value added,Value added/worker,Temp. change,Yield volatility
Undernourishment,1.0,0.7655854155657641,0.03920928117856748,0.8253616849013883,0.5661678407806107,0.5082835494188453,0.5443973483890807,-0.19269696982331305,0.10466146259290508
Food insecurity,0.7655854155657641,1.0,0.17449010191303438,0.7222714214121189,0.6919963868211514,0.6764381489199605,0.6787122332985941,-0.493394643534151,0.043530226450040864
Cereal import dep.,0.03920928117856748,0.17449010191303438,1.0,0.1775118313279082,-0.1127136764591861,-0.11752811520782684,-0.03757146901321061,-0.24521650078965504,0.016386854837957633
Dietary adequacy,0.8253616849013883,0.7222714214121189,0.1775118313279082,1.0,0.6022770092672709,0.5505115925523396,0.6533812352076341,-0.3581878579693454,0.08434302248695616
Agri. employment,0.5661678407806107,0.6919963868211514,-0.1127136764591861,0.6022770092672709,1.0,0.8645639405242709,0.9295706252852399,-0.32356691418093814,0.024807217081527985
Agri. value added,0.5082835494188453,0.6764381489199605,-0.11752811520782684,0.5505115925523396,0.8645639405242709,1.0,0.7277595889498955,-0.21359837683652225,0.021106020942408377
Value added/worker,0.5443973483890807,0.6787122332985941,-0.03757146901321061,0.6533812352076341,0.9295706252852399,0.7277595889498955,1.0,-0.33678235557545905,0.055279472814116416
Temp. change,-0.19269696982331305,-0.493394643534151,-0.24521650078965504,-0.3581878579693454,-0.32356691418093814,-0.21359837683652225,-0.33678235557545905,1.0,0.12713105433429406
Yield volatility,0.10466146259290508,0.043530226450040864,0.016386854837957633,0.08434302248695616,0.024807217081527985,0.021106020942408377,0.055279472814116416,0.12713105433429406,1.0
