iso3,need_pct,research_pct,gap,lisa_cat_gap9
AFG,97.87234042553192,19.48717948717949,-78.38516093835243,Not significant
ALB,60.63829787234043,47.94871794871795,-12.689579923622482,Not significant
DZA,40.42553191489361,73.58974358974359,33.16421167484998,Not significant
AGO,88.82978723404256,19.48717948717949,-69.34260774686307,Not significant
ATG,18.08510638297873,19.48717948717949,1.4020731042007633,Not significant
ARG,12.234042553191486,87.17948717948718,74.9454446262957,Not significant
ARM,72.3404255319149,42.30769230769231,-30.032733224222596,Not significant
AUS,7.4468085106382915,96.92307692307692,89.47626841243863,Not significant
AUT,7.97872340425532,63.07692307692307,55.098199672667754,Not significant
AZE,57.97872340425532,58.46153846153847,0.4828150572831475,Not significant
BHS,11.170212765957446,19.48717948717949,8.316966721222043,Not significant
BHR,42.5531914893617,19.48717948717949,-23.066012002182212,Not significant
BGD,65.42553191489363,93.84615384615384,28.420621931260214,Not significant
BRB,24.46808510638298,19.48717948717949,-4.98090561920349,Not significant
BLR,35.638297872340424,68.71794871794872,33.07965084560829,Not significant
BEL,6.38297872340425,72.56410256410255,66.1811238406983,High-High
BLZ,45.21276595744681,19.48717948717949,-25.725586470267324,Not significant
BEN,77.6595744680851,62.30769230769231,-15.35188216039279,Not significant
BTN,89.8936170212766,19.48717948717949,-70.40643753409711,Not significant
BOL,66.48936170212765,47.94871794871795,-18.540643753409704,Not significant
BIH,51.59574468085106,53.07692307692308,1.4811783960720175,Not significant
BWA,73.40425531914893,42.30769230769231,-31.096563011456624,Not significant
BRA,10.63829787234043,98.46153846153848,87.82324058919804,Not significant
BRN,9.042553191489365,19.48717948717949,10.444626295690126,High-High
BGR,32.4468085106383,66.66666666666666,34.21985815602836,Not significant
BFA,65.95744680851064,75.38461538461539,9.427168576104748,Not significant
BDI,100.0,19.48717948717949,-80.51282051282051,Not significant
CPV,71.80851063829788,19.48717948717949,-52.321331151118386,Not significant
KHM,53.191489361702125,58.46153846153847,5.270049099836342,Not significant
CMR,69.68085106382979,58.46153846153847,-11.219312602291325,Not significant
CAN,6.914893617021278,95.3846153846154,88.46972176759411,Not significant
CAF,99.46808510638296,19.48717948717949,-79.98090561920348,Not significant
TCD,98.40425531914892,19.48717948717949,-78.91707583196944,Not significant
CHL,16.48936170212766,58.46153846153847,41.97217675941081,Not significant
HKG,19.680851063829788,19.48717948717949,-0.1936715766502992,Not significant
TWN,34.04255319148936,75.8974358974359,41.85488270594654,Not significant
CHN,27.65957446808511,98.97435897435898,71.31478450627387,Not significant
COL,47.87234042553192,79.48717948717949,31.614839061647572,Not significant
COM,82.4468085106383,19.48717948717949,-62.95962902345882,Not significant
COG,84.04255319148936,19.48717948717949,-64.55537370430987,Low-Low
CRI,50.0,64.87179487179488,14.871794871794876,Not significant
HRV,15.95744680851064,66.15384615384615,50.19639934533551,Not significant
CUB,48.40425531914894,47.94871794871795,-0.4555373704309886,Not significant
CYP,43.61702127659575,64.87179487179488,21.25477359519913,Not significant
CZE,13.297872340425528,83.07692307692308,69.77905073649755,High-High
CIV,70.2127659574468,47.94871794871795,-22.264048008728857,Not significant
PRK,94.14893617021278,58.46153846153847,-35.68739770867431,Low-High
COD,88.29787234042553,19.48717948717949,-68.81069285324604,Low-Low
DNK,3.723404255319153,74.35897435897436,70.63557010365521,High-High
DJI,36.17021276595745,19.48717948717949,-16.683033278777962,Low-Low
DMA,46.808510638297875,19.48717948717949,-27.321331151118383,Not significant
DOM,22.872340425531913,19.48717948717949,-3.385160938352424,Not significant
ECU,76.06382978723404,68.71794871794872,-7.345881069285326,Not significant
EGY,50.53191489361703,82.56410256410255,32.03218767048553,Not significant
SLV,54.78723404255319,19.48717948717949,-35.3000545553737,Not significant
GNQ,52.659574468085104,19.48717948717949,-33.172394980905615,Not significant
ERI,93.08510638297872,19.48717948717949,-73.59792689579923,Not significant
EST,25.53191489361702,47.94871794871795,22.416803055100928,High-High
SWZ,62.76595744680851,58.46153846153847,-4.30441898527004,Not significant
ETH,79.25531914893617,95.8974358974359,16.64211674849973,High-Low
FJI,69.14893617021278,19.48717948717949,-49.66175668303329,Not significant
FIN,14.893617021276595,72.56410256410255,57.67048554282596,Not significant
FRA,5.851063829787236,86.15384615384616,80.30278232405892,High-High
PYF,1.5957446808510625,19.48717948717949,17.891434806328427,Not significant
GAB,64.8936170212766,19.48717948717949,-45.40643753409711,Low-Low
GMB,86.70212765957447,19.48717948717949,-67.21494817239498,Not significant
GEO,70.74468085106383,19.48717948717949,-51.257501363884344,Not significant
DEU,2.659574468085111,94.87179487179486,92.21222040370976,High-High
GHA,54.25531914893617,77.94871794871796,23.69339879978179,Not significant
GRC,26.06382978723404,74.87179487179488,48.807965084560834,Not significant
GRD,44.14893617021277,19.48717948717949,-24.661756683033275,Not significant
GTM,68.61702127659575,47.94871794871795,-20.6683033278778,Not significant
GIN,61.17021276595744,19.48717948717949,-41.683033278777955,Not significant
GNB,87.2340425531915,47.94871794871795,-39.28532460447355,Not significant
GUY,10.106382978723405,19.48717948717949,9.380796508456086,Not significant
HTI,94.6808510638298,19.48717948717949,-75.1936715766503,Not significant
HND,72.87234042553192,53.84615384615385,-19.02618657937807,Not significant
HUN,29.787234042553195,88.2051282051282,58.41789416257501,Not significant
ISL,21.808510638297875,19.48717948717949,-2.321331151118386,Low-High
IND,55.85106382978723,99.48717948717947,43.63611565739226,Not significant
IDN,32.97872340425532,94.35897435897436,61.38025095471903,Not significant
IRN,63.297872340425535,97.94871794871794,34.65084560829241,Not significant
IRQ,74.46808510638297,70.51282051282051,-3.955264593562461,Not significant
IRL,5.319148936170215,47.94871794871795,42.629569012547734,High-High
ISR,22.340425531914892,47.94871794871795,25.608292416803057,Not significant
ITA,8.510638297872347,87.6923076923077,79.18166939443535,Not significant
JAM,67.5531914893617,19.48717948717949,-48.066012002182205,Not significant
JPN,2.1276595744680833,78.71794871794872,76.59028914348063,Not significant
JOR,75.0,19.48717948717949,-55.51282051282051,Not significant
KAZ,20.212765957446805,89.23076923076924,69.01800327332244,Not significant
KEN,95.74468085106383,91.7948717948718,-3.949809056192038,Not significant
KIR,39.361702127659576,19.48717948717949,-19.874522640480087,Not significant
KWT,55.319148936170215,19.48717948717949,-35.831969448990726,Not significant
KGZ,56.91489361702128,47.94871794871795,-8.966175668303329,Not significant
LAO,78.19148936170212,47.94871794871795,-30.242771412984176,Not significant
LVA,26.595744680851062,47.94871794871795,21.352973267866886,Not significant
LBN,61.702127659574465,62.30769230769231,0.6055646481178414,Not significant
LSO,82.97872340425532,19.48717948717949,-63.49154391707583,Not significant
LBR,90.42553191489364,19.48717948717949,-70.93835242771414,Not significant
LBY,57.446808510638306,19.48717948717949,-37.95962902345882,Not significant
LTU,17.02127659574468,47.94871794871795,30.92744135297327,Not significant
LUX,4.255319148936174,47.94871794871795,43.693398799781775,High-High
MDG,95.2127659574468,54.35897435897436,-40.85379159847245,Not significant
MWI,85.1063829787234,71.28205128205128,-13.824331696672118,Not significant
MYS,28.191489361702125,85.38461538461539,57.19312602291326,Not significant
MDV,33.51063829787234,19.48717948717949,-14.023458810692851,Not significant
MLI,80.31914893617021,58.46153846153847,-21.85761047463174,Not significant
MLT,34.57446808510639,19.48717948717949,-15.0872885979269,Not significant
MRT,75.53191489361703,47.94871794871795,-27.58319694489908,Not significant
MUS,30.851063829787233,19.48717948717949,-11.363884342607744,Not significant
MEX,23.404255319148945,90.76923076923076,67.36497545008183,Not significant
MNG,47.340425531914896,55.38461538461539,8.044189852700491,Not significant
MNE,21.27659574468085,39.48717948717949,18.21058374249864,Not significant
MAR,71.27659574468085,89.74358974358975,18.466993998908904,Not significant
MOZ,93.61702127659576,67.17948717948717,-26.437534097108585,Not significant
MMR,64.36170212765957,61.53846153846154,-2.8232405891980292,Not significant
NAM,80.85106382978722,42.30769230769231,-38.543371522094915,Not significant
NPL,48.93617021276596,90.25641025641026,41.320240043644304,Not significant
NLD,14.361702127659576,76.41025641025641,62.04855428259683,High-High
NCL,35.1063829787234,19.48717948717949,-15.619203491543914,Not significant
NZL,18.617021276595743,47.94871794871795,29.33169667212221,Not significant
NIC,73.93617021276596,19.48717948717949,-54.44899072558647,Not significant
NER,81.38297872340425,63.589743589743584,-17.793235133660666,Not significant
NGA,81.91489361702128,96.4102564102564,14.495362793235133,Not significant
MKD,37.234042553191486,58.46153846153847,21.22749590834698,Not significant
NOR,19.148936170212764,58.46153846153847,39.3126022913257,High-High
OMN,59.57446808510638,19.48717948717949,-40.08728859792689,Not significant
PAK,67.02127659574468,97.43589743589745,30.41462084015275,Not significant
PSE,62.23404255319149,19.48717948717949,-42.746863066012,Not significant
PAN,38.297872340425535,47.94871794871795,9.650845608292414,Not significant
PNG,79.7872340425532,19.48717948717949,-60.300054555373706,Not significant
PRY,37.765957446808514,19.48717948717949,-18.278777959629025,Not significant
PER,51.06382978723404,81.53846153846153,30.47463175122749,Not significant
PHL,36.702127659574465,80.51282051282051,43.810692853246046,Not significant
POL,11.702127659574472,84.1025641025641,72.40043644298963,Not significant
PRT,30.319148936170215,58.46153846153847,28.14238952536825,High-High
PRI,4.787234042553191,19.48717948717949,14.699945444626298,Not significant
QAT,59.04255319148937,19.48717948717949,-39.55537370430988,Not significant
KOR,12.765957446808514,86.66666666666667,73.90070921985816,Not significant
MDA,86.17021276595744,47.94871794871795,-38.221494817239495,Not significant
ROU,42.02127659574468,53.07692307692308,11.0556464811784,Not significant
RUS,13.829787234042556,81.02564102564102,67.19585379159847,Not significant
RWA,92.02127659574468,77.43589743589745,-14.585379159847236,Not significant
LCA,41.48936170212766,19.48717948717949,-22.00218221494817,Not significant
VCT,31.382978723404253,19.48717948717949,-11.895799236224764,Not significant
WSM,28.723404255319153,19.48717948717949,-9.236224768139664,Not significant
STP,76.59574468085107,19.48717948717949,-57.10856519367158,Not significant
SAU,31.91489361702128,64.87179487179488,32.9569012547736,Not significant
SEN,63.82978723404256,84.1025641025641,20.272776868521547,High-Low
SRB,20.744680851063833,76.92307692307693,56.1783960720131,Not significant
SYC,3.1914893617021285,19.48717948717949,16.29569012547736,Not significant
SLE,92.5531914893617,64.87179487179488,-27.68139661756682,Not significant
SVK,17.5531914893617,39.48717948717949,21.933987997817788,High-High
SVN,25.0,39.48717948717949,14.487179487179487,High-High
SLB,84.57446808510637,19.48717948717949,-65.08728859792689,Low-Low
SOM,96.27659574468083,40.76923076923077,-55.50736497545008,Not significant
ZAF,43.08510638297872,80.0,36.91489361702128,Not significant
SSD,96.80851063829788,58.46153846153847,-38.34697217675941,Not significant
ESP,29.255319148936167,92.82051282051282,63.56519367157665,High-High
LKA,40.95744680851064,85.38461538461539,44.42716857610475,Not significant
SDN,85.63829787234043,19.48717948717949,-66.15111838516094,Low-Low
SUR,49.46808510638298,19.48717948717949,-29.98090561920349,Not significant
SWE,9.574468085106387,78.71794871794872,69.14348063284233,High-High
CHE,15.425531914893618,54.87179487179488,39.44626295690126,High-High
SYR,97.3404255319149,40.76923076923077,-56.57119476268414,Not significant
TJK,77.12765957446808,19.48717948717949,-57.640480087288594,Not significant
THA,39.8936170212766,91.28205128205128,51.38843426077469,Not significant
TLS,91.48936170212764,19.48717948717949,-72.00218221494816,Not significant
TGO,78.72340425531915,19.48717948717949,-59.236224768139664,Not significant
TON,53.72340425531915,19.48717948717949,-34.236224768139664,Not significant
TTO,45.744680851063826,19.48717948717949,-26.257501363884337,Not significant
TUN,52.12765957446809,70.51282051282051,18.38516093835242,Not significant
TKM,60.1063829787234,19.48717948717949,-40.619203491543914,Not significant
TUR,46.27659574468085,84.1025641025641,37.825968357883255,Not significant
UGA,90.95744680851064,71.7948717948718,-19.162575013638843,Not significant
UKR,68.08510638297872,93.33333333333331,25.248226950354606,Not significant
ARE,27.127659574468083,19.48717948717949,-7.640480087288594,Not significant
GBR,0.5319148936170279,88.71794871794872,88.18603382433169,High-High
TZA,89.36170212765957,82.05128205128204,-7.310420076377525,Not significant
USA,1.0638297872340416,100.0,98.93617021276596,Not significant
URY,23.93617021276596,69.74358974358974,45.80741953082378,Not significant
UZB,56.38297872340425,73.58974358974359,17.20676486633934,Not significant
VUT,58.51063829787234,19.48717948717949,-39.02345881069285,Not significant
VEN,44.680851063829785,42.30769230769231,-2.373158756137478,Not significant
VNM,38.82978723404255,92.3076923076923,53.47790507364976,Not significant
YEM,98.93617021276596,19.48717948717949,-79.44899072558647,Not significant
ZMB,83.51063829787235,67.6923076923077,-15.818330605564654,Not significant
ZWE,87.7659574468085,68.71794871794872,-19.048008728859784,Not significant
