Unnamed: 0,Undernourishment,Food insecurity,Cereal import dep.,Dietary adequacy,Agri. employment,Agri. value added,Value added/worker,Temp. change,Yield volatility
Undernourishment,1.0,0.7655854155657641,0.0392092811785674,0.8253616849013883,0.5661678407806107,0.5082835494188453,0.5443973483890807,-0.192696969823313,0.104661462592905
Food insecurity,0.7655854155657641,1.0,0.1744901019130343,0.7222714214121189,0.6919963868211514,0.6764381489199605,0.6787122332985941,-0.493394643534151,0.0435302264500408
Cereal import dep.,0.0392092811785674,0.1744901019130343,1.0,0.1775118313279082,-0.1127136764591861,-0.1175281152078268,-0.0375714690132106,-0.245216500789655,0.0163868548379576
Dietary adequacy,0.8253616849013883,0.7222714214121189,0.1775118313279082,1.0,0.6022770092672709,0.5505115925523396,0.6533812352076341,-0.3581878579693454,0.0843430224869561
Agri. employment,0.5661678407806107,0.6919963868211514,-0.1127136764591861,0.6022770092672709,1.0,0.8645639405242709,0.92957062528524,-0.3235669141809381,0.0248072170815279
Agri. value added,0.5082835494188453,0.6764381489199605,-0.1175281152078268,0.5505115925523396,0.8645639405242709,1.0,0.7277595889498955,-0.2135983768365222,0.0211060209424083
Value added/worker,0.5443973483890807,0.6787122332985941,-0.0375714690132106,0.6533812352076341,0.92957062528524,0.7277595889498955,1.0,-0.336782355575459,0.0552794728141164
Temp. change,-0.192696969823313,-0.493394643534151,-0.245216500789655,-0.3581878579693454,-0.3235669141809381,-0.2135983768365222,-0.336782355575459,1.0,0.127131054334294
Yield volatility,0.104661462592905,0.0435302264500408,0.0163868548379576,0.0843430224869561,0.0248072170815279,0.0211060209424083,0.0552794728141164,0.127131054334294,1.0
